t_host_s,t_s,trans_mV,scat_mV,absT,absS,tC,stir_pct,swept,sweep_red,sweep_yellow,sweep_green,sweep_blue
0.595,-1.0,434,61,,,23.69,0,False,240,-359,-120,-444
1.595,-1.0,411,71,,,22.88,0,False,240,-359,-120,-444
2.637,-1.0,387,75,,,23.38,0,False,240,-359,-120,-444
3.595,-1.0,362,83,,,23.19,0,False,240,-359,-120,-444
4.595,-1.0,338,88,,,22.19,0,False,240,-359,-120,-444
5.65,-1.0,309,91,,,22.44,0,False,240,-359,-120,-444
6.596,-1.0,55,293,,,22.75,0,True,-194,-189,-182,-177
7.595,-1.0,263,99,,,21.62,0,False,-194,-189,-182,-177
8.681,-1.0,241,96,,,22.31,0,False,-194,-189,-182,-177
9.625,-1.0,225,99,,,22.12,0,False,-194,-189,-182,-177
10.596,-1.0,208,96,,,22.56,0,False,-194,-189,-182,-177
11.688,-1.0,199,94,,,22.0,0,False,-194,-189,-182,-177
12.596,-1.0,191,91,0.0807,-0.2869,21.62,0,False,-194,-189,-182,-177
13.597,-1.0,184,89,0.0969,-0.2773,22.81,0,False,-194,-189,-182,-177
14.596,-1.0,179,83,0.1089,-0.247,21.69,0,False,-194,-189,-182,-177
15.601,-1.0,176,79,0.1162,-0.2255,21.75,0,False,-194,-189,-182,-177
16.596,-1.0,8,257,1.4586,-0.7378,22.0,0,True,-193,-192,-192,-190
17.596,-1.0,175,71,0.1187,-0.1792,21.94,0,False,-193,-192,-192,-190
18.596,-1.0,177,68,0.1138,-0.1604,22.25,0,False,-193,-192,-192,-190
19.596,-1.0,183,60,0.0993,-0.1061,21.88,0,False,-193,-192,-192,-190
20.64,-1.0,192,57,0.0784,-0.0838,21.38,0,False,-193,-192,-192,-190
21.596,-1.0,201,52,0.0585,-0.0439,21.5,0,False,-193,-192,-192,-190
22.596,-1.0,205,48,0.05,-0.0091,21.88,0,False,-193,-192,-192,-190
23.641,-1.0,219,43,0.0213,0.0386,21.0,0,False,-193,-192,-192,-190
24.596,-1.0,231,41,-0.0019,0.0593,21.56,0,False,-193,-192,-192,-190
25.596,-1.0,246,38,-0.0292,0.0923,21.81,0,False,-193,-192,-192,-190
26.643,-1.0,0,202,,-0.6333,22.5,0,True,-339,-341,-343,-345
27.596,-1.0,277,31,-0.0808,0.1807,22.12,0,False,-339,-341,-343,-345
28.595,-1.0,296,28,-0.1096,0.2249,22.19,0,False,-339,-341,-343,-345
29.64,-1.0,315,27,-0.1366,0.2407,21.31,0,False,-339,-341,-343,-345
30.595,-1.0,334,25,-0.162,0.2742,22.06,0,False,-339,-341,-343,-345
31.596,-1.0,354,23,-0.1873,0.3104,21.5,0,False,-339,-341,-343,-345
32.64,-1.0,375,21,-0.2123,0.3499,21.75,0,False,-339,-341,-343,-345
33.596,-1.0,392,22,-0.2316,0.3297,21.12,0,False,-339,-341,-343,-345
34.596,-1.0,409,22,-0.25,0.3297,21.88,0,False,-339,-341,-343,-345
35.648,-1.0,425,21,-0.2667,0.3499,20.94,0,False,-339,-341,-343,-345
36.595,-1.0,43,197,0.7283,-0.6224,20.75,0,True,-388,-396,-403,-409
37.595,-1.0,451,24,-0.2924,0.2919,21.25,0,False,-388,-396,-403,-409
38.595,0.5,455,25,-0.2963,0.2742,21.81,0,False,-388,-396,-403,-409
39.595,1.5,458,29,-0.2991,0.2097,21.81,0,False,-388,-396,-403,-409
40.595,2.5,452,37,-0.2934,0.1039,21.75,0,False,-388,-396,-403,-409
41.679,3.5,441,42,-0.2827,0.0488,21.56,0,False,-388,-396,-403,-409
42.616,4.5,430,49,-0.2717,-0.0181,21.88,0,False,-388,-396,-403,-409
43.595,5.5,410,56,-0.2511,-0.0761,21.88,0,False,-388,-396,-403,-409
44.595,6.5,388,62,-0.2271,-0.1203,22.0,0,False,-388,-396,-403,-409
45.595,7.5,365,69,-0.2006,-0.1668,22.0,0,False,-388,-396,-403,-409
46.595,8.5,72,253,0.5044,-0.731,22.12,0,True,-220,-214,-207,-201
47.637,9.5,321,82,-0.1448,-0.2417,22.25,0,False,-220,-214,-207,-201
48.595,10.5,297,86,-0.111,-0.2624,22.38,0,False,-220,-214,-207,-201
49.595,11.5,275,91,-0.0776,-0.2869,22.56,0,False,-220,-214,-207,-201
50.637,12.5,257,93,-0.0482,-0.2964,22.06,0,False,-220,-214,-207,-201
51.595,13.5,240,95,-0.0185,-0.3056,22.38,0,False,-220,-214,-207,-201
53.779,15.6,501,166,-0.3381,-0.548,22.06,100,False,-220,-214,-207,-201
54.719,16.6,385,166,-0.2237,-0.548,22.69,100,False,-220,-214,-207,-201
55.705,17.6,599,203,-0.4157,-0.6354,22.69,100,False,-220,-214,-207,-201
56.747,18.6,218,386,0.0233,-0.9145,22.62,100,True,-304,-66,-167,-286
57.705,19.6,471,312,-0.3113,-0.8221,22.62,100,False,-304,-66,-167,-286
58.743,20.6,371,25,-0.2076,0.2742,22.75,0,False,-304,-66,-167,-286
59.705,21.6,384,21,-0.2226,0.3499,22.44,0,False,-304,-66,-167,-286
60.705,22.6,399,22,-0.2392,0.3297,22.19,0,False,-304,-66,-167,-286
61.705,23.6,414,23,-0.2553,0.3104,22.12,0,False,-304,-66,-167,-286
62.747,24.6,426,22,-0.2677,0.3297,22.19,0,False,-304,-66,-167,-286
63.705,25.6,435,23,-0.2768,0.3104,22.25,0,False,-304,-66,-167,-286
64.705,26.6,445,27,-0.2866,0.2407,22.25,0,False,-304,-66,-167,-286
65.758,27.6,446,26,-0.2876,0.2571,22.31,0,False,-304,-66,-167,-286
66.707,28.6,68,217,0.5292,-0.6644,22.31,0,True,-246,-246,-245,-245
67.705,29.6,447,34,-0.2886,0.1406,22.25,0,False,-246,-246,-245,-245
68.705,-1.0,439,41,-0.2807,0.0593,22.19,0,False,-246,-246,-245,-245
69.705,-1.0,431,46,-0.2727,0.0093,22.44,0,False,-246,-246,-245,-245
70.705,-1.0,418,51,-0.2594,-0.0355,22.44,0,False,-246,-246,-245,-245
71.788,-1.0,403,54,-0.2436,-0.0603,22.31,0,False,-246,-246,-245,-245
72.74,-1.0,388,61,-0.2271,-0.1132,22.69,0,False,-246,-246,-245,-245
73.708,-1.0,371,66,-0.2076,-0.1474,22.25,0,False,-246,-246,-245,-245
